timestamp,frame_number,blink_count
33.333333333333336,1.0,0
66.66666666666667,2.0,0
100.0,3.0,0
133.33333333333334,4.0,0
166.66666666666666,5.0,0
200.0,6.0,0
233.33333333333334,7.0,0
266.6666666666667,8.0,0
300.0,9.0,0
333.3333333333333,10.0,0
366.66666666666663,11.0,0
400.0,12.0,0
433.33333333333337,13.0,0
466.6666666666667,14.0,0
500.0,15.0,0
533.3333333333334,16.0,0
566.6666666666666,17.0,0
600.0,18.0,0
633.3333333333333,19.0,0
666.6666666666666,20.0,0
700.0,21.0,0
733.3333333333333,22.0,0
766.6666666666667,23.0,0
800.0,24.0,0
833.3333333333334,25.0,0
866.6666666666667,26.0,0
900.0,27.0,0
933.3333333333334,28.0,0
966.6666666666666,29.0,0
1000.0,30.0,0
1033.3333333333335,31.0,0
1066.6666666666667,32.0,0
1100.0,33.0,0
1133.3333333333333,34.0,0
1166.6666666666667,35.0,0
1200.0,36.0,0
1233.3333333333335,37.0,0
1266.6666666666665,38.0,0
1300.0,39.0,0
1333.3333333333333,40.0,0
1366.6666666666667,41.0,0
1400.0,42.0,0
1433.3333333333333,43.0,0
1466.6666666666665,44.0,0
1500.0,45.0,0
1533.3333333333335,46.0,0
1566.6666666666667,47.0,0
1600.0,48.0,0
1633.3333333333333,49.0,0
1666.6666666666667,50.0,0
1700.0,51.0,0
1733.3333333333335,52.0,0
1766.6666666666665,53.0,0
1800.0,54.0,0
1833.3333333333333,55.0,0
1866.6666666666667,56.0,0
1900.0,57.0,0
1933.3333333333333,58.0,0
1966.6666666666665,59.0,0
2000.0,60.0,0
2033.3333333333333,61.0,0
2066.666666666667,62.0,0
2100.0,63.0,0
2133.3333333333335,64.0,0
2166.6666666666665,65.0,0
2200.0,66.0,0
2233.3333333333335,67.0,0
2266.6666666666665,68.0,0
2300.0,69.0,0
2333.3333333333335,70.0,1
2366.6666666666665,71.0,1
2400.0,72.0,1
2433.333333333333,73.0,1
2466.666666666667,74.0,1
2500.0,75.0,1
2533.333333333333,76.0,1
2566.666666666667,77.0,1
2600.0,78.0,1
2633.3333333333335,79.0,1
2666.6666666666665,80.0,1
2700.0,81.0,1
2733.3333333333335,82.0,1
2766.6666666666665,83.0,1
2800.0,84.0,1
2833.3333333333335,85.0,1
2866.6666666666665,86.0,1
2900.0,87.0,1
2933.333333333333,88.0,1
2966.666666666667,89.0,1
3000.0,90.0,1
3033.333333333333,91.0,1
3066.666666666667,92.0,1
3100.0,93.0,1
3133.3333333333335,94.0,1
3166.6666666666665,95.0,1
3200.0,96.0,1
3233.3333333333335,97.0,1
3266.6666666666665,98.0,1
3300.0,99.0,1
3333.3333333333335,100.0,1
3366.6666666666665,101.0,1
3400.0,102.0,1
3433.333333333333,103.0,1
3466.666666666667,104.0,1
3500.0,105.0,1
3533.333333333333,106.0,1
3566.666666666667,107.0,1
3600.0,108.0,1
3633.3333333333335,109.0,1
3666.6666666666665,110.0,1
3700.0,111.0,1
3733.3333333333335,112.0,1
3766.6666666666665,113.0,1
3800.0,114.0,1
3833.3333333333335,115.0,1
3866.6666666666665,116.0,1
3900.0,117.0,1
3933.333333333333,118.0,1
3966.666666666667,119.0,1
4000.0,120.0,1
4033.333333333333,121.0,1
4066.6666666666665,122.0,1
4100.0,123.0,1
4133.333333333334,124.0,1
4166.666666666667,125.0,1
4200.0,126.0,1
4233.333333333333,127.0,1
4266.666666666667,128.0,1
4300.0,129.0,1
4333.333333333333,130.0,1
4366.666666666666,131.0,1
4400.0,132.0,1
4433.333333333334,133.0,1
4466.666666666667,134.0,1
4500.0,135.0,1
4533.333333333333,136.0,1
4566.666666666666,137.0,1
4600.0,138.0,1
4633.333333333334,139.0,1
4666.666666666667,140.0,1
4700.0,141.0,1
4733.333333333333,142.0,1
4766.666666666667,143.0,1
4800.0,144.0,1
4833.333333333333,145.0,1
4866.666666666666,146.0,1
4900.0,147.0,1
4933.333333333334,148.0,1
4966.666666666667,149.0,1
5000.0,150.0,1
5033.333333333333,151.0,1
5066.666666666666,152.0,1
5100.0,153.0,1
5133.333333333334,154.0,1
5166.666666666667,155.0,1
5200.0,156.0,1
5233.333333333333,157.0,1
5266.666666666667,158.0,1
5300.0,159.0,1
5333.333333333333,160.0,1
5366.666666666666,161.0,1
5400.0,162.0,1
5433.333333333334,163.0,1
5466.666666666667,164.0,1
5500.0,165.0,1
5533.333333333333,166.0,1
5566.666666666666,167.0,1
5600.0,168.0,1
5633.333333333334,169.0,1
5666.666666666667,170.0,1
5700.0,171.0,1
5733.333333333333,172.0,1
5766.666666666667,173.0,1
5800.0,174.0,1
5833.333333333333,175.0,1
5866.666666666666,176.0,1
5900.0,177.0,1
5933.333333333334,178.0,1
5966.666666666667,179.0,1
6000.0,180.0,1
6033.333333333333,181.0,1
6066.666666666666,182.0,1
6100.0,183.0,1
6133.333333333334,184.0,1
6166.666666666667,185.0,1
6200.0,186.0,1
6233.333333333333,187.0,2
6266.666666666667,188.0,2
6300.0,189.0,2
6333.333333333333,190.0,2
6366.666666666666,191.0,2
6400.0,192.0,2
6433.333333333334,193.0,2
6466.666666666667,194.0,2
6500.0,195.0,2
6533.333333333333,196.0,2
6566.666666666666,197.0,2
6600.0,198.0,2
6633.333333333334,199.0,2
6666.666666666667,200.0,2
6700.0,201.0,2
6733.333333333333,202.0,2
6766.666666666667,203.0,2
6800.0,204.0,2
6833.333333333333,205.0,2
6866.666666666666,206.0,2
6900.0,207.0,2
6933.333333333334,208.0,2
6966.666666666667,209.0,2
7000.0,210.0,2
7033.333333333333,211.0,2
7066.666666666666,212.0,2
7100.0,213.0,2
7133.333333333334,214.0,2
7166.666666666667,215.0,2
7200.0,216.0,2
7233.333333333333,217.0,2
7266.666666666667,218.0,2
7300.0,219.0,2
7333.333333333333,220.0,2
7366.666666666666,221.0,2
7400.0,222.0,2
7433.333333333334,223.0,2
7466.666666666667,224.0,2
7500.0,225.0,2
7533.333333333333,226.0,2
7566.666666666666,227.0,2
7600.0,228.0,2
7633.333333333334,229.0,2
7666.666666666667,230.0,2
7700.0,231.0,2
7733.333333333333,232.0,2
7766.666666666667,233.0,2
7800.0,234.0,2
7833.333333333333,235.0,2
7866.666666666666,236.0,2
7900.0,237.0,2
7933.333333333334,238.0,2
7966.666666666667,239.0,2
8000.0,240.0,2
8033.333333333333,241.0,2
8066.666666666666,242.0,2
8100.0,243.0,2
8133.333333333333,244.0,2
8166.666666666666,245.0,2
8200.0,246.0,2
8233.333333333332,247.0,3
8266.666666666668,248.0,3
8300.0,249.0,3
8333.333333333334,250.0,3
8366.666666666668,251.0,3
8400.0,252.0,3
8433.333333333334,253.0,3
8466.666666666666,254.0,3
8500.0,255.0,3
8533.333333333334,256.0,3
8566.666666666666,257.0,3
8600.0,258.0,3
8633.333333333332,259.0,3
8666.666666666666,260.0,3
8700.0,261.0,3
8733.333333333332,262.0,3
8766.666666666668,263.0,3
8800.0,264.0,3
8833.333333333334,265.0,3
8866.666666666668,266.0,3
8900.0,267.0,3
8933.333333333334,268.0,3
8966.666666666666,269.0,3
9000.0,270.0,3
9033.333333333334,271.0,3
9066.666666666666,272.0,3
9100.0,273.0,3
9133.333333333332,274.0,3
9166.666666666666,275.0,3
9200.0,276.0,3
9233.333333333332,277.0,3
9266.666666666668,278.0,3
9300.0,279.0,3
9333.333333333334,280.0,3
9366.666666666668,281.0,3
9400.0,282.0,3
9433.333333333334,283.0,3
9466.666666666666,284.0,3
9500.0,285.0,3
9533.333333333334,286.0,3
9566.666666666666,287.0,3
9600.0,288.0,3
9633.333333333332,289.0,3
9666.666666666666,290.0,3
9700.0,291.0,3
9733.333333333332,292.0,3
9766.666666666668,293.0,3
9800.0,294.0,3
9833.333333333334,295.0,3
9866.666666666668,296.0,3
9900.0,297.0,3
9933.333333333334,298.0,3
9966.666666666666,299.0,3
10000.0,300.0,3
10033.333333333334,301.0,3
10066.666666666666,302.0,3
10100.0,303.0,3
10133.333333333332,304.0,3
10166.666666666666,305.0,3
10200.0,306.0,3
10233.333333333332,307.0,3
10266.666666666668,308.0,3
10300.0,309.0,3
10333.333333333334,310.0,3
10366.666666666668,311.0,3
10400.0,312.0,3
10433.333333333334,313.0,3
10466.666666666666,314.0,3
10500.0,315.0,3
10533.333333333334,316.0,3
10566.666666666666,317.0,3
10600.0,318.0,3
10633.333333333332,319.0,3
10666.666666666666,320.0,3
10700.0,321.0,3
10733.333333333332,322.0,3
10766.666666666668,323.0,3
10800.0,324.0,3
10833.333333333334,325.0,3
10866.666666666668,326.0,3
10900.0,327.0,3
10933.333333333334,328.0,3
10966.666666666666,329.0,3
11000.0,330.0,3
11033.333333333334,331.0,4
11066.666666666666,332.0,4
11100.0,333.0,4
11133.333333333332,334.0,4
11166.666666666666,335.0,4
11200.0,336.0,4
11233.333333333332,337.0,4
11266.666666666668,338.0,4
11300.0,339.0,4
11333.333333333334,340.0,4
11366.666666666668,341.0,4
11400.0,342.0,4
11433.333333333334,343.0,4
11466.666666666666,344.0,4
11500.0,345.0,4
11533.333333333334,346.0,4
11566.666666666666,347.0,4
11600.0,348.0,4
11633.333333333332,349.0,4
11666.666666666666,350.0,4
11700.0,351.0,4
11733.333333333332,352.0,4
11766.666666666668,353.0,4
11800.0,354.0,4
11833.333333333334,355.0,4
11866.666666666668,356.0,4
11900.0,357.0,4
11933.333333333334,358.0,4
11966.666666666666,359.0,4
12000.0,360.0,4
12033.333333333334,361.0,4
12066.666666666666,362.0,4
12100.0,363.0,4
12133.333333333332,364.0,4
12166.666666666666,365.0,4
12200.0,366.0,4
12233.333333333332,367.0,4
12266.666666666668,368.0,4
12300.0,369.0,4
12333.333333333334,370.0,4
12366.666666666668,371.0,4
12400.0,372.0,4
12433.333333333334,373.0,4
12466.666666666666,374.0,4
12500.0,375.0,4
12533.333333333334,376.0,4
12566.666666666666,377.0,4
12600.0,378.0,4
12633.333333333332,379.0,4
12666.666666666666,380.0,4
12700.0,381.0,4
12733.333333333332,382.0,4
12766.666666666668,383.0,4
12800.0,384.0,4
12833.333333333334,385.0,4
12866.666666666668,386.0,4
12900.0,387.0,4
12933.333333333334,388.0,4
12966.666666666666,389.0,4
13000.0,390.0,4
13033.333333333334,391.0,4
13066.666666666666,392.0,4
13100.0,393.0,4
13133.333333333332,394.0,4
13166.666666666666,395.0,4
13200.0,396.0,4
13233.333333333332,397.0,4
13266.666666666668,398.0,4
13300.0,399.0,4
13333.333333333334,400.0,5
13366.666666666668,401.0,5
13400.0,402.0,5
13433.333333333334,403.0,5
13466.666666666666,404.0,5
13500.0,405.0,5
13533.333333333334,406.0,5
13566.666666666666,407.0,5
13600.0,408.0,5
13633.333333333332,409.0,5
13666.666666666666,410.0,5
13700.0,411.0,5
13733.333333333332,412.0,5
13766.666666666668,413.0,5
13800.0,414.0,5
13833.333333333334,415.0,5
13866.666666666668,416.0,5
13900.0,417.0,5
13933.333333333334,418.0,5
13966.666666666666,419.0,5
14000.0,420.0,5
14033.333333333334,421.0,5
14066.666666666666,422.0,5
14100.0,423.0,5
14133.333333333332,424.0,5
14166.666666666666,425.0,5
14200.0,426.0,5
14233.333333333332,427.0,5
14266.666666666668,428.0,5
14300.0,429.0,5
14333.333333333334,430.0,5
14366.666666666668,431.0,5
14400.0,432.0,5
14433.333333333334,433.0,5
14466.666666666666,434.0,5
14500.0,435.0,5
14533.333333333334,436.0,5
14566.666666666666,437.0,5
14600.0,438.0,5
14633.333333333332,439.0,5
14666.666666666666,440.0,5
14700.0,441.0,5
14733.333333333332,442.0,5
14766.666666666668,443.0,5
14800.0,444.0,5
14833.333333333334,445.0,5
14866.666666666668,446.0,5
14900.0,447.0,5
14933.333333333334,448.0,5
14966.666666666666,449.0,5
15000.0,450.0,5
15033.333333333334,451.0,5
15066.666666666666,452.0,5
15100.0,453.0,5
15133.333333333332,454.0,5
15166.666666666666,455.0,5
15200.0,456.0,5
15233.333333333332,457.0,5
15266.666666666668,458.0,5
15300.0,459.0,5
15333.333333333334,460.0,5
15366.666666666668,461.0,5
15400.0,462.0,5
15433.333333333334,463.0,5
15466.666666666666,464.0,5
15500.0,465.0,5
15533.333333333334,466.0,5
15566.666666666666,467.0,5
15600.0,468.0,5
15633.333333333332,469.0,5
15666.666666666666,470.0,5
15700.0,471.0,5
15733.333333333332,472.0,5
15766.666666666668,473.0,5
15800.0,474.0,5
15833.333333333334,475.0,5
15866.666666666668,476.0,5
15900.0,477.0,5
15933.333333333334,478.0,5
15966.666666666666,479.0,5
16000.0,480.0,5
16033.333333333336,481.0,5
16066.666666666666,482.0,5
16100.000000000002,483.0,5
16133.333333333332,484.0,5
16166.666666666668,485.0,5
16200.0,486.0,5
16233.333333333334,487.0,5
16266.666666666666,488.0,5
16300.0,489.0,5
16333.333333333332,490.0,5
16366.666666666668,491.0,5
16400.0,492.0,5
16433.333333333332,493.0,5
16466.666666666664,494.0,5
16500.0,495.0,5
16533.333333333336,496.0,5
16566.666666666668,497.0,5
16600.0,498.0,5
16633.333333333332,499.0,5
16666.666666666668,500.0,5
16700.0,501.0,5
16733.333333333336,502.0,5
16766.666666666664,503.0,5
16800.0,504.0,5
16833.333333333332,505.0,5
16866.666666666668,506.0,5
16900.0,507.0,5
16933.333333333332,508.0,5
16966.666666666664,509.0,5
17000.0,510.0,5
17033.333333333336,511.0,5
17066.666666666668,512.0,5
17100.0,513.0,5
17133.333333333332,514.0,5
17166.666666666668,515.0,5
17200.0,516.0,5
17233.333333333336,517.0,5
17266.666666666664,518.0,5
17300.0,519.0,5
17333.333333333332,520.0,5
17366.666666666668,521.0,5
17400.0,522.0,5
17433.333333333332,523.0,5
17466.666666666664,524.0,5
17500.0,525.0,5
17533.333333333336,526.0,5
17566.666666666668,527.0,5
17600.0,528.0,5
17633.333333333332,529.0,5
17666.666666666668,530.0,5
17700.0,531.0,5
17733.333333333336,532.0,5
17766.666666666664,533.0,5
17800.0,534.0,5
17833.333333333332,535.0,5
17866.666666666668,536.0,5
17900.0,537.0,5
17933.333333333332,538.0,5
17966.666666666664,539.0,5
18000.0,540.0,5
18033.333333333336,541.0,5
18066.666666666668,542.0,5
18100.0,543.0,5
18133.333333333332,544.0,5
18166.666666666668,545.0,5
18200.0,546.0,5
18233.333333333336,547.0,5
18266.666666666664,548.0,5
18300.0,549.0,5
18333.333333333332,550.0,5
18366.666666666668,551.0,5
18400.0,552.0,5
18433.333333333332,553.0,5
18466.666666666664,554.0,5
18500.0,555.0,5
18533.333333333336,556.0,5
18566.666666666668,557.0,5
18600.0,558.0,5
18633.333333333332,559.0,5
18666.666666666668,560.0,5
18700.0,561.0,5
18733.333333333336,562.0,5
18766.666666666664,563.0,5
18800.0,564.0,5
18833.333333333332,565.0,5
18866.666666666668,566.0,5
18900.0,567.0,5
18933.333333333332,568.0,5
18966.666666666664,569.0,5
19000.0,570.0,5
19033.333333333336,571.0,5
19066.666666666668,572.0,5
19100.0,573.0,5
19133.333333333332,574.0,5
19166.666666666668,575.0,5
19200.0,576.0,5
19233.333333333336,577.0,5
19266.666666666664,578.0,5
19300.0,579.0,5
19333.333333333332,580.0,5
19366.666666666668,581.0,5
19400.0,582.0,5
19433.333333333332,583.0,5
19466.666666666664,584.0,5
19500.0,585.0,5
19533.333333333336,586.0,5
19566.666666666668,587.0,5
19600.0,588.0,5
19633.333333333332,589.0,5
19666.666666666668,590.0,5
19700.0,591.0,5
19733.333333333336,592.0,5
19766.666666666664,593.0,5
19800.0,594.0,5
19833.333333333332,595.0,5
19866.666666666668,596.0,5
19900.0,597.0,5
19933.333333333332,598.0,5
19966.666666666664,599.0,5
20000.0,600.0,5
20033.333333333336,601.0,5
20066.666666666668,602.0,5
20100.0,603.0,5
20133.333333333332,604.0,6
20166.666666666668,605.0,6
20200.0,606.0,6
20233.333333333336,607.0,6
20266.666666666664,608.0,6
20300.0,609.0,6
20333.333333333332,610.0,6
20366.666666666668,611.0,6
20400.0,612.0,6
20433.333333333332,613.0,6
20466.666666666664,614.0,6
20500.0,615.0,6
20533.333333333336,616.0,6
20566.666666666668,617.0,6
20600.0,618.0,6
20633.333333333332,619.0,6
20666.666666666668,620.0,6
20700.0,621.0,6
20733.333333333336,622.0,6
20766.666666666664,623.0,6
20800.0,624.0,6
20833.333333333332,625.0,6
20866.666666666668,626.0,6
20900.0,627.0,6
20933.333333333332,628.0,6
20966.666666666664,629.0,6
21000.0,630.0,6
21033.333333333336,631.0,6
21066.666666666668,632.0,6
21100.0,633.0,6
21133.333333333332,634.0,6
21166.666666666668,635.0,6
21200.0,636.0,6
21233.333333333336,637.0,6
21266.666666666664,638.0,6
21300.0,639.0,6
21333.333333333332,640.0,6
21366.666666666668,641.0,6
21400.0,642.0,6
21433.333333333332,643.0,6
21466.666666666664,644.0,6
21500.0,645.0,6
21533.333333333336,646.0,6
21566.666666666668,647.0,6
21600.0,648.0,6
21633.333333333332,649.0,6
21666.666666666668,650.0,6
21700.0,651.0,6
21733.333333333336,652.0,6
21766.666666666664,653.0,6
21800.0,654.0,6
21833.333333333332,655.0,6
21866.666666666668,656.0,6
21900.0,657.0,6
21933.333333333332,658.0,6
21966.666666666664,659.0,6
22000.0,660.0,6
22033.333333333336,661.0,6
22066.666666666668,662.0,6
22100.0,663.0,6
22133.333333333332,664.0,6
22166.666666666668,665.0,6
22200.0,666.0,6
22233.333333333336,667.0,6
22266.666666666664,668.0,6
22300.0,669.0,6
22333.333333333332,670.0,6
22366.666666666668,671.0,6
22400.0,672.0,6
22433.333333333332,673.0,6
22466.666666666664,674.0,6
22500.0,675.0,6
22533.333333333336,676.0,6
22566.666666666668,677.0,6
22600.0,678.0,6
22633.333333333332,679.0,6
22666.666666666668,680.0,6
22700.0,681.0,6
22733.333333333336,682.0,6
22766.666666666664,683.0,6
22800.0,684.0,6
22833.333333333332,685.0,6
22866.666666666668,686.0,6
22900.0,687.0,6
22933.333333333332,688.0,6
22966.666666666664,689.0,6
23000.0,690.0,6
23033.333333333336,691.0,6
23066.666666666668,692.0,6
23100.0,693.0,6
23133.333333333332,694.0,6
23166.666666666668,695.0,6
23200.0,696.0,6
23233.333333333336,697.0,6
23266.666666666664,698.0,6
23300.0,699.0,6
23333.333333333332,700.0,6
23366.666666666668,701.0,6
23400.0,702.0,6
23433.333333333332,703.0,6
23466.666666666664,704.0,6
23500.0,705.0,6
23533.333333333336,706.0,6
23566.666666666668,707.0,6
23600.0,708.0,6
23633.333333333332,709.0,6
23666.666666666668,710.0,6
23700.0,711.0,6
23733.333333333336,712.0,6
23766.666666666664,713.0,6
23800.0,714.0,6
23833.333333333332,715.0,6
23866.666666666668,716.0,6
23900.0,717.0,6
23933.333333333332,718.0,6
23966.666666666664,719.0,6
24000.0,720.0,6
24033.333333333336,721.0,6
24066.666666666668,722.0,6
24100.0,723.0,6
24133.333333333332,724.0,6
24166.666666666668,725.0,6
24200.0,726.0,6
24233.333333333336,727.0,6
24266.666666666664,728.0,6
24300.0,729.0,6
24333.333333333332,730.0,6
24366.666666666668,731.0,6
24400.0,732.0,6
24433.333333333332,733.0,6
24466.666666666664,734.0,6
24500.0,735.0,6
24533.333333333336,736.0,6
24566.666666666668,737.0,6
24600.0,738.0,6
24633.333333333332,739.0,6
24666.666666666668,740.0,6
24700.0,741.0,6
24733.333333333336,742.0,6
24766.666666666664,743.0,6
24800.0,744.0,6
24833.333333333332,745.0,6
24866.666666666668,746.0,6
24900.0,747.0,6
24933.333333333332,748.0,6
24966.666666666664,749.0,6
25000.0,750.0,6
25033.333333333336,751.0,6
25066.666666666668,752.0,6
25100.0,753.0,6
25133.333333333332,754.0,6
25166.666666666668,755.0,6
25200.0,756.0,6
25233.333333333336,757.0,6
25266.666666666664,758.0,6
25300.0,759.0,6
25333.333333333332,760.0,6
25366.666666666668,761.0,6
25400.0,762.0,6
25433.333333333332,763.0,6
25466.666666666664,764.0,6
25500.0,765.0,6
25533.333333333336,766.0,6
25566.666666666668,767.0,6
25600.0,768.0,6
25633.333333333332,769.0,6
25666.666666666668,770.0,6
25700.0,771.0,6
25733.333333333336,772.0,6
25766.666666666664,773.0,6
25800.0,774.0,6
25833.333333333332,775.0,6
25866.666666666668,776.0,6
25900.0,777.0,6
25933.333333333332,778.0,6
25966.666666666664,779.0,6
26000.0,780.0,6
26033.333333333336,781.0,6
26066.666666666668,782.0,6
26100.0,783.0,6
26133.333333333332,784.0,6
26166.666666666668,785.0,6
26200.0,786.0,6
26233.333333333336,787.0,6
26266.666666666664,788.0,6
26300.0,789.0,6
26333.333333333332,790.0,6
26366.666666666668,791.0,6
26400.0,792.0,6
26433.333333333332,793.0,6
26466.666666666664,794.0,6
26500.0,795.0,6
26533.333333333336,796.0,6
26566.666666666668,797.0,7
26600.0,798.0,7
26633.333333333332,799.0,7
26666.666666666668,800.0,7
26700.0,801.0,7
26733.333333333336,802.0,7
26766.666666666664,803.0,7
26800.0,804.0,7
26833.333333333332,805.0,7
26866.666666666668,806.0,7
26900.0,807.0,7
26933.333333333332,808.0,7
26966.666666666664,809.0,7
27000.0,810.0,7
27033.333333333336,811.0,7
27066.666666666668,812.0,7
27100.0,813.0,7
27133.333333333332,814.0,7
27166.666666666668,815.0,7
27200.0,816.0,7
27233.333333333336,817.0,7
27266.666666666664,818.0,7
27300.0,819.0,7
27333.333333333332,820.0,7
27366.666666666668,821.0,7
27400.0,822.0,7
27433.333333333332,823.0,7
27466.666666666664,824.0,7
27500.0,825.0,7
27533.333333333336,826.0,7
27566.666666666668,827.0,7
27600.0,828.0,7
27633.333333333332,829.0,7
27666.666666666668,830.0,7
27700.0,831.0,7
27733.333333333336,832.0,7
27766.666666666664,833.0,7
27800.0,834.0,7
27833.333333333332,835.0,7
27866.666666666668,836.0,7
27900.0,837.0,7
27933.333333333332,838.0,7
27966.666666666664,839.0,7
28000.0,840.0,7
28033.333333333336,841.0,7
28066.666666666668,842.0,7
28100.0,843.0,7
28133.333333333332,844.0,7
28166.666666666668,845.0,7
28200.0,846.0,7
28233.333333333336,847.0,7
28266.666666666664,848.0,7
28300.0,849.0,7
28333.333333333332,850.0,7
28366.666666666668,851.0,7
28400.0,852.0,7
28433.333333333332,853.0,7
28466.666666666664,854.0,7
28500.0,855.0,7
28533.333333333336,856.0,7
28566.666666666668,857.0,7
28600.0,858.0,7
28633.333333333332,859.0,7
28666.666666666668,860.0,7
28700.0,861.0,7
28733.333333333336,862.0,7
28766.666666666664,863.0,7
28800.0,864.0,7
28833.333333333332,865.0,7
28866.666666666668,866.0,7
28900.0,867.0,7
28933.333333333332,868.0,7
28966.666666666664,869.0,7
29000.0,870.0,7
29033.333333333336,871.0,7
29066.666666666668,872.0,7
29100.0,873.0,7
29133.333333333332,874.0,7
29166.666666666668,875.0,7
29200.0,876.0,7
29233.333333333336,877.0,7
29266.666666666664,878.0,7
29300.0,879.0,7
29333.333333333332,880.0,7
29366.666666666668,881.0,7
29400.0,882.0,7
29433.333333333332,883.0,7
29466.666666666664,884.0,7
29500.0,885.0,7
29533.333333333336,886.0,7
29566.666666666668,887.0,7
29600.0,888.0,7
29633.333333333332,889.0,7
29666.666666666668,890.0,7
29700.0,891.0,7
29733.333333333336,892.0,7
29766.666666666664,893.0,7
29800.0,894.0,7
29833.333333333332,895.0,7
29866.666666666668,896.0,7
29900.0,897.0,7
29933.333333333332,898.0,7
29966.666666666664,899.0,7
30000.0,900.0,7
30033.333333333336,901.0,7
30066.666666666668,902.0,7
30100.0,903.0,7
30133.333333333332,904.0,7
30166.666666666668,905.0,7
30200.0,906.0,7
30233.333333333336,907.0,7
30266.666666666664,908.0,7
30300.0,909.0,7
30333.333333333332,910.0,7
30366.666666666668,911.0,7
30400.0,912.0,7
30433.333333333332,913.0,7
30466.666666666664,914.0,7
30500.0,915.0,7
30533.333333333336,916.0,7
30566.666666666668,917.0,7
30600.0,918.0,7
30633.333333333332,919.0,7
30666.666666666668,920.0,7
30700.0,921.0,7
30733.333333333336,922.0,7
30766.666666666664,923.0,7
30800.0,924.0,7
30833.333333333332,925.0,7
30866.666666666668,926.0,7
30900.0,927.0,7
30933.333333333332,928.0,7
30966.666666666664,929.0,7
31000.0,930.0,7
31033.333333333336,931.0,7
31066.666666666668,932.0,7
31100.0,933.0,7
31133.333333333332,934.0,7
31166.666666666668,935.0,7
31200.0,936.0,7
31233.333333333336,937.0,7
31266.666666666664,938.0,7
31300.0,939.0,7
31333.333333333332,940.0,7
31366.666666666668,941.0,7
31400.0,942.0,7
31433.333333333332,943.0,7
31466.666666666664,944.0,7
31500.0,945.0,7
31533.333333333336,946.0,7
31566.666666666668,947.0,7
31600.0,948.0,7
31633.333333333332,949.0,7
31666.666666666668,950.0,7
31700.0,951.0,7
31733.333333333336,952.0,8
31766.666666666664,953.0,8
31800.0,954.0,8
31833.333333333332,955.0,8
31866.666666666668,956.0,8
31900.0,957.0,8
31933.333333333332,958.0,8
31966.666666666664,959.0,8
32000.0,960.0,8
32033.333333333332,961.0,8
32066.66666666667,962.0,8
32100.0,963.0,8
32133.333333333332,964.0,8
32166.666666666664,965.0,8
32200.000000000004,966.0,8
32233.333333333336,967.0,8
32266.666666666664,968.0,8
32299.999999999996,969.0,8
32333.333333333336,970.0,8
32366.666666666668,971.0,8
32400.0,972.0,8
32433.33333333333,973.0,8
32466.666666666668,974.0,8
32500.0,975.0,8
32533.333333333332,976.0,8
32566.66666666667,977.0,8
32600.0,978.0,8
32633.333333333332,979.0,8
32666.666666666664,980.0,8
32700.000000000004,981.0,8
32733.333333333336,982.0,8
32766.666666666664,983.0,8
32800.0,984.0,8
32833.333333333336,985.0,8
32866.666666666664,986.0,8
32900.0,987.0,8
32933.33333333333,988.0,8
32966.66666666667,989.0,8
33000.0,990.0,8
33033.33333333333,991.0,8
33066.66666666667,992.0,8
33100.0,993.0,8
33133.333333333336,994.0,8
33166.666666666664,995.0,8
33200.0,996.0,8
33233.333333333336,997.0,8
33266.666666666664,998.0,8
33300.0,999.0,8
33333.333333333336,1000.0,8
33366.666666666664,1001.0,8
33400.0,1002.0,8
33433.33333333333,1003.0,8
33466.66666666667,1004.0,8
33500.0,1005.0,8
33533.33333333333,1006.0,8
33566.66666666667,1007.0,8
33600.0,1008.0,8
33633.333333333336,1009.0,8
33666.666666666664,1010.0,8
33700.0,1011.0,8
33733.333333333336,1012.0,8
33766.666666666664,1013.0,8
33800.0,1014.0,8
33833.333333333336,1015.0,8
33866.666666666664,1016.0,8
33900.0,1017.0,8
33933.33333333333,1018.0,8
33966.66666666667,1019.0,8
34000.0,1020.0,8
34033.33333333333,1021.0,8
34066.66666666667,1022.0,8
34100.0,1023.0,8
34133.333333333336,1024.0,8
34166.666666666664,1025.0,8
34200.0,1026.0,8
34233.333333333336,1027.0,8
34266.666666666664,1028.0,8
34300.0,1029.0,8
34333.333333333336,1030.0,8
34366.666666666664,1031.0,8
34400.0,1032.0,8
34433.33333333333,1033.0,8
34466.66666666667,1034.0,8
34500.0,1035.0,8
34533.33333333333,1036.0,8
34566.66666666667,1037.0,8
34600.0,1038.0,8
34633.333333333336,1039.0,8
34666.666666666664,1040.0,8
34700.0,1041.0,8
34733.333333333336,1042.0,8
34766.666666666664,1043.0,8
34800.0,1044.0,8
34833.333333333336,1045.0,8
34866.666666666664,1046.0,8
34900.0,1047.0,8
34933.33333333333,1048.0,8
34966.66666666667,1049.0,8
35000.0,1050.0,8
35033.33333333333,1051.0,8
35066.66666666667,1052.0,8
35100.0,1053.0,8
35133.333333333336,1054.0,8
35166.666666666664,1055.0,8
35200.0,1056.0,8
35233.333333333336,1057.0,8
35266.666666666664,1058.0,8
35300.0,1059.0,8
35333.333333333336,1060.0,8
35366.666666666664,1061.0,8
35400.0,1062.0,8
35433.33333333333,1063.0,8
35466.66666666667,1064.0,8
35500.0,1065.0,8
35533.33333333333,1066.0,8
35566.66666666667,1067.0,8
35600.0,1068.0,8
35633.333333333336,1069.0,8
35666.666666666664,1070.0,8
35700.0,1071.0,8
35733.333333333336,1072.0,8
35766.666666666664,1073.0,8
35800.0,1074.0,8
35833.333333333336,1075.0,8
35866.666666666664,1076.0,8
35900.0,1077.0,8
35933.33333333333,1078.0,8
35966.66666666667,1079.0,8
36000.0,1080.0,8
36033.33333333333,1081.0,8
36066.66666666667,1082.0,8
36100.0,1083.0,8
36133.333333333336,1084.0,8
36166.666666666664,1085.0,8
36200.0,1086.0,8
36233.333333333336,1087.0,8
36266.666666666664,1088.0,8
36300.0,1089.0,8
36333.333333333336,1090.0,8
36366.666666666664,1091.0,8
36400.0,1092.0,8
36433.33333333333,1093.0,8
36466.66666666667,1094.0,8
36500.0,1095.0,8
36533.33333333333,1096.0,8
36566.66666666667,1097.0,8
36600.0,1098.0,8
36633.333333333336,1099.0,8
36666.666666666664,1100.0,8
36700.0,1101.0,8
36733.333333333336,1102.0,8
36766.666666666664,1103.0,8
36800.0,1104.0,8
36833.333333333336,1105.0,8
36866.666666666664,1106.0,8
36900.0,1107.0,8
36933.33333333333,1108.0,8
36966.66666666667,1109.0,8
37000.0,1110.0,8
37033.33333333333,1111.0,8
37066.66666666667,1112.0,8
37100.0,1113.0,8
37133.333333333336,1114.0,8
37166.666666666664,1115.0,8
37200.0,1116.0,8
37233.333333333336,1117.0,8
37266.666666666664,1118.0,8
37300.0,1119.0,8
37333.333333333336,1120.0,8
37366.666666666664,1121.0,8
37400.0,1122.0,8
37433.33333333333,1123.0,8
37466.66666666667,1124.0,8
37500.0,1125.0,8
37533.33333333333,1126.0,8
37566.66666666667,1127.0,8
37600.0,1128.0,8
37633.333333333336,1129.0,8
37666.666666666664,1130.0,8
37700.0,1131.0,8
37733.333333333336,1132.0,8
37766.666666666664,1133.0,8
37800.0,1134.0,8
37833.333333333336,1135.0,8
37866.666666666664,1136.0,8
37900.0,1137.0,8
37933.33333333333,1138.0,9
37966.66666666667,1139.0,9
38000.0,1140.0,9
38033.33333333333,1141.0,9
38066.66666666667,1142.0,9
38100.0,1143.0,9
38133.333333333336,1144.0,9
38166.666666666664,1145.0,9
38200.0,1146.0,9
38233.333333333336,1147.0,9
38266.666666666664,1148.0,9
38300.0,1149.0,9
38333.333333333336,1150.0,9
38366.666666666664,1151.0,9
38400.0,1152.0,9
38433.33333333333,1153.0,9
38466.66666666667,1154.0,9
38500.0,1155.0,9
38533.33333333333,1156.0,9
38566.66666666667,1157.0,9
38600.0,1158.0,9
38633.333333333336,1159.0,9
38666.666666666664,1160.0,9
38700.0,1161.0,9
38733.333333333336,1162.0,9
38766.666666666664,1163.0,9
38800.0,1164.0,9
38833.333333333336,1165.0,9
38866.666666666664,1166.0,9
38900.0,1167.0,9
38933.33333333333,1168.0,9
38966.66666666667,1169.0,9
39000.0,1170.0,9
39033.33333333333,1171.0,9
39066.66666666667,1172.0,9
39100.0,1173.0,9
39133.333333333336,1174.0,9
39166.666666666664,1175.0,9
39200.0,1176.0,9
39233.333333333336,1177.0,9
39266.666666666664,1178.0,9
39300.0,1179.0,9
39333.333333333336,1180.0,9
39366.666666666664,1181.0,9
39400.0,1182.0,9
39433.33333333333,1183.0,9
39466.66666666667,1184.0,9
39500.0,1185.0,9
39533.33333333333,1186.0,9
39566.66666666667,1187.0,9
39600.0,1188.0,9
39633.333333333336,1189.0,9
39666.666666666664,1190.0,9
39700.0,1191.0,9
39733.333333333336,1192.0,9
39766.666666666664,1193.0,9
39800.0,1194.0,9
39833.333333333336,1195.0,9
39866.666666666664,1196.0,9
39900.0,1197.0,9
39933.33333333333,1198.0,9
39966.66666666667,1199.0,9
40000.0,1200.0,9
40033.33333333333,1201.0,9
40066.66666666667,1202.0,9
40100.0,1203.0,9
40133.333333333336,1204.0,9
40166.666666666664,1205.0,9
40200.0,1206.0,9
40233.333333333336,1207.0,9
40266.666666666664,1208.0,9
40300.0,1209.0,9
40333.333333333336,1210.0,9
40366.666666666664,1211.0,9
40400.0,1212.0,9
40433.33333333333,1213.0,9
40466.66666666667,1214.0,9
40500.0,1215.0,9
40533.33333333333,1216.0,9
40566.66666666667,1217.0,9
40600.0,1218.0,9
40633.333333333336,1219.0,9
40666.666666666664,1220.0,9
40700.0,1221.0,9
40733.333333333336,1222.0,9
40766.666666666664,1223.0,9
40800.0,1224.0,9
40833.333333333336,1225.0,9
40866.666666666664,1226.0,9
40900.0,1227.0,9
40933.33333333333,1228.0,9
40966.66666666667,1229.0,9
41000.0,1230.0,9
41033.33333333333,1231.0,9
41066.66666666667,1232.0,9
41100.0,1233.0,9
41133.333333333336,1234.0,9
41166.666666666664,1235.0,9
41200.0,1236.0,9
41233.333333333336,1237.0,9
41266.666666666664,1238.0,9
41300.0,1239.0,9
41333.333333333336,1240.0,9
41366.666666666664,1241.0,9
41400.0,1242.0,9
41433.33333333333,1243.0,9
41466.66666666667,1244.0,9
41500.0,1245.0,9
41533.33333333333,1246.0,9
41566.66666666667,1247.0,9
41600.0,1248.0,9
41633.333333333336,1249.0,9
41666.666666666664,1250.0,9
41700.0,1251.0,9
41733.333333333336,1252.0,9
41766.666666666664,1253.0,9
41800.0,1254.0,9
41833.333333333336,1255.0,9
41866.666666666664,1256.0,9
41900.0,1257.0,9
41933.33333333333,1258.0,9
41966.66666666667,1259.0,9
42000.0,1260.0,9
42033.33333333333,1261.0,9
42066.66666666667,1262.0,9
42100.0,1263.0,9
42133.333333333336,1264.0,9
42166.666666666664,1265.0,9
42200.0,1266.0,9
42233.333333333336,1267.0,9
42266.666666666664,1268.0,9
42300.0,1269.0,9
42333.333333333336,1270.0,9
42366.666666666664,1271.0,9
42400.0,1272.0,9
42433.33333333333,1273.0,9
42466.66666666667,1274.0,9
42500.0,1275.0,9
42533.33333333333,1276.0,9
42566.66666666667,1277.0,9
42600.0,1278.0,9
42633.333333333336,1279.0,9
42666.666666666664,1280.0,9
42700.0,1281.0,9
42733.333333333336,1282.0,9
42766.666666666664,1283.0,9
42800.0,1284.0,9
42833.333333333336,1285.0,9
42866.666666666664,1286.0,9
42900.0,1287.0,9
42933.33333333333,1288.0,9
42966.66666666667,1289.0,9
43000.0,1290.0,9
43033.33333333333,1291.0,9
43066.66666666667,1292.0,9
43100.0,1293.0,9
43133.333333333336,1294.0,9
43166.666666666664,1295.0,9
43200.0,1296.0,9
43233.333333333336,1297.0,9
43266.666666666664,1298.0,9
43300.0,1299.0,9
43333.333333333336,1300.0,9
43366.666666666664,1301.0,9
43400.0,1302.0,9
43433.33333333333,1303.0,9
43466.66666666667,1304.0,9
43500.0,1305.0,9
43533.33333333333,1306.0,9
43566.66666666667,1307.0,9
43600.0,1308.0,9
43633.333333333336,1309.0,9
43666.666666666664,1310.0,9
43700.0,1311.0,9
43733.333333333336,1312.0,9
43766.666666666664,1313.0,9
43800.0,1314.0,9
43833.333333333336,1315.0,9
43866.666666666664,1316.0,9
43900.0,1317.0,9
43933.33333333333,1318.0,9
43966.66666666667,1319.0,9
44000.0,1320.0,9
44033.33333333333,1321.0,9
44066.66666666667,1322.0,9
44100.0,1323.0,9
44133.333333333336,1324.0,9
44166.666666666664,1325.0,9
44200.0,1326.0,9
44233.333333333336,1327.0,9
44266.666666666664,1328.0,9
44300.0,1329.0,9
44333.333333333336,1330.0,9
44366.666666666664,1331.0,9
44400.0,1332.0,9
44433.33333333333,1333.0,9
44466.66666666667,1334.0,9
44500.0,1335.0,9
44533.33333333333,1336.0,9
44566.66666666667,1337.0,9
44600.0,1338.0,9
44633.333333333336,1339.0,9
44666.666666666664,1340.0,9
44700.0,1341.0,9
44733.333333333336,1342.0,9
44766.666666666664,1343.0,9
44800.0,1344.0,9
44833.333333333336,1345.0,9
44866.666666666664,1346.0,9
44900.0,1347.0,9
44933.33333333333,1348.0,9
44966.66666666667,1349.0,9
45000.0,1350.0,9
45033.33333333333,1351.0,9
45066.66666666667,1352.0,9
45100.0,1353.0,9
45133.333333333336,1354.0,9
45166.666666666664,1355.0,9
45200.0,1356.0,9
45233.333333333336,1357.0,9
45266.666666666664,1358.0,10
45300.0,1359.0,10
45333.333333333336,1360.0,10
45366.666666666664,1361.0,10
45400.0,1362.0,10
45433.33333333333,1363.0,10
45466.66666666667,1364.0,10
45500.0,1365.0,10
45533.33333333333,1366.0,10
45566.66666666667,1367.0,10
45600.0,1368.0,10
45633.333333333336,1369.0,10
45666.666666666664,1370.0,10
45700.0,1371.0,10
45733.333333333336,1372.0,10
45766.666666666664,1373.0,10
45800.0,1374.0,10
45833.333333333336,1375.0,10
45866.666666666664,1376.0,10
45900.0,1377.0,10
45933.33333333333,1378.0,10
45966.66666666667,1379.0,10
46000.0,1380.0,10
46033.33333333333,1381.0,10
46066.66666666667,1382.0,10
46100.0,1383.0,10
46133.333333333336,1384.0,10
46166.666666666664,1385.0,10
46200.0,1386.0,10
46233.333333333336,1387.0,10
46266.666666666664,1388.0,10
46300.0,1389.0,10
46333.333333333336,1390.0,10
46366.666666666664,1391.0,10
46400.0,1392.0,10
46433.33333333333,1393.0,10
46466.66666666667,1394.0,10
46500.0,1395.0,10
46533.33333333333,1396.0,10
46566.66666666667,1397.0,10
46600.0,1398.0,10
46633.333333333336,1399.0,10
46666.666666666664,1400.0,10
46700.0,1401.0,10
46733.333333333336,1402.0,10
46766.666666666664,1403.0,10
46800.0,1404.0,10
46833.333333333336,1405.0,10
46866.666666666664,1406.0,10
46900.0,1407.0,10
46933.33333333333,1408.0,10
46966.66666666667,1409.0,10
47000.0,1410.0,10
47033.33333333333,1411.0,10
47066.66666666667,1412.0,10
47100.0,1413.0,10
47133.333333333336,1414.0,10
47166.666666666664,1415.0,10
47200.0,1416.0,10
47233.333333333336,1417.0,10
47266.666666666664,1418.0,11
47300.0,1419.0,11
47333.333333333336,1420.0,11
47366.666666666664,1421.0,11
47400.0,1422.0,11
47433.33333333333,1423.0,11
47466.66666666667,1424.0,11
47500.0,1425.0,11
47533.33333333333,1426.0,11
47566.66666666667,1427.0,11
47600.0,1428.0,11
47633.333333333336,1429.0,11
47666.666666666664,1430.0,11
47700.0,1431.0,11
47733.333333333336,1432.0,11
47766.666666666664,1433.0,11
47800.0,1434.0,11
47833.333333333336,1435.0,11
47866.666666666664,1436.0,11
47900.0,1437.0,11
47933.33333333333,1438.0,11
47966.66666666667,1439.0,11
48000.0,1440.0,11
48033.33333333333,1441.0,11
48066.66666666667,1442.0,11
48100.0,1443.0,11
48133.333333333336,1444.0,11
48166.666666666664,1445.0,11
48200.0,1446.0,11
48233.333333333336,1447.0,11
48266.666666666664,1448.0,11
48300.0,1449.0,11
48333.333333333336,1450.0,11
48366.666666666664,1451.0,11
48400.0,1452.0,11
48433.33333333333,1453.0,11
48466.66666666667,1454.0,11
48500.0,1455.0,11
48533.33333333333,1456.0,11
48566.66666666667,1457.0,11
48600.0,1458.0,11
48633.333333333336,1459.0,11
48666.666666666664,1460.0,11
48700.0,1461.0,11
48733.333333333336,1462.0,11
48766.666666666664,1463.0,11
48800.0,1464.0,11
48833.333333333336,1465.0,11
48866.666666666664,1466.0,11
48900.0,1467.0,11
48933.33333333333,1468.0,11
48966.66666666667,1469.0,11
49000.0,1470.0,11
49033.33333333333,1471.0,11
49066.66666666667,1472.0,11
49100.0,1473.0,11
49133.333333333336,1474.0,11
49166.666666666664,1475.0,11
49200.0,1476.0,11
49233.333333333336,1477.0,12
49266.666666666664,1478.0,12
49300.0,1479.0,12
49333.333333333336,1480.0,12
49366.666666666664,1481.0,12
49400.0,1482.0,12
49433.33333333333,1483.0,12
49466.66666666667,1484.0,12
49500.0,1485.0,12
49533.33333333333,1486.0,12
49566.66666666667,1487.0,12
49600.0,1488.0,12
49633.333333333336,1489.0,12
49666.666666666664,1490.0,12
49700.0,1491.0,12
49733.333333333336,1492.0,12
49766.666666666664,1493.0,12
49800.0,1494.0,12
49833.333333333336,1495.0,12
49866.666666666664,1496.0,12
49900.0,1497.0,12
49933.33333333333,1498.0,12
49966.66666666667,1499.0,12
50000.0,1500.0,12
50033.33333333333,1501.0,12
50066.66666666667,1502.0,12
50100.0,1503.0,12
50133.333333333336,1504.0,12
50166.666666666664,1505.0,12
50200.0,1506.0,12
50233.333333333336,1507.0,12
50266.666666666664,1508.0,12
50300.0,1509.0,12
50333.333333333336,1510.0,12
50366.666666666664,1511.0,12
50400.0,1512.0,12
50433.33333333333,1513.0,12
50466.66666666667,1514.0,12
50500.0,1515.0,12
50533.33333333333,1516.0,12
50566.66666666667,1517.0,12
50600.0,1518.0,12
50633.333333333336,1519.0,12
50666.666666666664,1520.0,12
50700.0,1521.0,12
50733.333333333336,1522.0,12
50766.666666666664,1523.0,12
50800.0,1524.0,12
50833.333333333336,1525.0,12
50866.666666666664,1526.0,12
50900.0,1527.0,12
50933.33333333333,1528.0,12
50966.66666666667,1529.0,12
51000.0,1530.0,12
51033.33333333333,1531.0,12
51066.66666666667,1532.0,12
51100.0,1533.0,12
51133.333333333336,1534.0,12
51166.666666666664,1535.0,12
51200.0,1536.0,12
51233.333333333336,1537.0,12
51266.666666666664,1538.0,12
51300.0,1539.0,12
51333.333333333336,1540.0,12
51366.666666666664,1541.0,12
51400.0,1542.0,12
51433.33333333333,1543.0,13
51466.66666666667,1544.0,13
51500.0,1545.0,13
51533.33333333333,1546.0,13
51566.66666666667,1547.0,13
51600.0,1548.0,13
51633.333333333336,1549.0,13
51666.666666666664,1550.0,13
51700.0,1551.0,13
51733.333333333336,1552.0,13
51766.666666666664,1553.0,13
51800.0,1554.0,13
51833.333333333336,1555.0,13
51866.666666666664,1556.0,13
51900.0,1557.0,13
51933.33333333333,1558.0,13
51966.66666666667,1559.0,13
52000.0,1560.0,13
52033.33333333333,1561.0,13
52066.66666666667,1562.0,13
52100.0,1563.0,13
52133.333333333336,1564.0,13
52166.666666666664,1565.0,13
52200.0,1566.0,13
52233.333333333336,1567.0,13
52266.666666666664,1568.0,13
52300.0,1569.0,13
52333.333333333336,1570.0,13
52366.666666666664,1571.0,13
52400.0,1572.0,13
52433.33333333333,1573.0,13
52466.66666666667,1574.0,13
52500.0,1575.0,13
52533.33333333333,1576.0,13
52566.66666666667,1577.0,13
52600.0,1578.0,13
52633.333333333336,1579.0,13
52666.666666666664,1580.0,13
52700.0,1581.0,13
52733.333333333336,1582.0,13
52766.666666666664,1583.0,13
52800.0,1584.0,13
52833.333333333336,1585.0,13
52866.666666666664,1586.0,13
52900.0,1587.0,13
52933.33333333333,1588.0,13
52966.66666666667,1589.0,13
53000.0,1590.0,13
53033.33333333333,1591.0,13
53066.66666666667,1592.0,13
53100.0,1593.0,13
53133.333333333336,1594.0,13
53166.666666666664,1595.0,13
53200.0,1596.0,13
53233.333333333336,1597.0,13
53266.666666666664,1598.0,13
53300.0,1599.0,13
53333.333333333336,1600.0,13
53366.666666666664,1601.0,13
53400.0,1602.0,13
53433.33333333333,1603.0,13
53466.66666666667,1604.0,13
53500.0,1605.0,13
53533.33333333333,1606.0,13
53566.66666666667,1607.0,13
53600.0,1608.0,13
53633.333333333336,1609.0,13
53666.666666666664,1610.0,13
53700.0,1611.0,13
53733.333333333336,1612.0,13
53766.666666666664,1613.0,14
53800.0,1614.0,14
53833.333333333336,1615.0,14
53866.666666666664,1616.0,14
53900.0,1617.0,14
53933.33333333333,1618.0,14
53966.66666666667,1619.0,14
54000.0,1620.0,14
54033.33333333333,1621.0,14
54066.66666666667,1622.0,14
54100.0,1623.0,14
54133.333333333336,1624.0,14
54166.666666666664,1625.0,14
54200.0,1626.0,14
54233.333333333336,1627.0,14
54266.666666666664,1628.0,14
54300.0,1629.0,14
54333.333333333336,1630.0,14
54366.666666666664,1631.0,14
54400.0,1632.0,14
54433.33333333333,1633.0,14
54466.66666666667,1634.0,14
54500.0,1635.0,14
54533.33333333333,1636.0,14
54566.66666666667,1637.0,14
54600.0,1638.0,14
54633.333333333336,1639.0,14
54666.666666666664,1640.0,14
54700.0,1641.0,14
54733.333333333336,1642.0,14
54766.666666666664,1643.0,14
54800.0,1644.0,14
54833.333333333336,1645.0,14
54866.666666666664,1646.0,14
54900.0,1647.0,14
54933.33333333333,1648.0,14
54966.66666666667,1649.0,14
55000.0,1650.0,14
55033.33333333333,1651.0,14
55066.66666666667,1652.0,14
55100.0,1653.0,14
55133.333333333336,1654.0,14
55166.666666666664,1655.0,14
55200.0,1656.0,14
55233.333333333336,1657.0,14
55266.666666666664,1658.0,14
55300.0,1659.0,14
55333.333333333336,1660.0,14
55366.666666666664,1661.0,15
55400.0,1662.0,15
55433.33333333333,1663.0,15
55466.66666666667,1664.0,15
55500.0,1665.0,15
55533.33333333333,1666.0,15
